01FF6J8XFSWM3X28NM0WXZQ8QK	T00001	渡辺 諒	PMwLo1810g
01FF6J8XFSCAT6ADYNN5G33QQC	T00002	松本 瑠璃	bLXzK6evws
01FF6J8XFSRFYE6GGAB4Y3F94P	T00003	獅子吼 翼	84xyAnnfGj
01FF6J8XFSHMQTXPHJ9BHD64FC	T00004	高橋 一樹	MPN9g42crF
01FF6J8XFS3906KB5YNKHSNQWG	T00005	藍田 悠太	ipX2qVswEi
01FF6J8XFSVX41R59K7JT2TT12	T00006	橋本 真紀	o7Unxmy80i
01FF6J8XFSMB96ZKQZK8G516B3	T00007	玉城 柚葉	mBCn4kUB5y
01FF6J8XFSX748CNN1MTCEY4VT	T00008	斎藤 健太	8wK6M0x0R7
01FF6J8XFS4N2RA3TS2B2SK600	T00009	高橋 友美	KaW3ixuQGv
01FF6J8XFTM3BB01XKXYNGBKKM	T00010	田中 真美	IZibnnXyam
01FF6J8XFTKMAXGNSE6JYBJ0MT	T00011	佐々木 はるか	aREGDgAcUq
01FF6J8XFTEQYH6RHP56DV052X	T00012	荒井 翠	9VwaabOUDi
01FF6J8XFTTVM6TBR6WREZNC50	T00013	渡辺 太一	apvIC8J7ux
01FF6J8XFTGF229Z9EGMDQ6BDQ	T00014	西森 朋子	mTPjserViw
01FF6J8XFT5643KX590YXYAQCE	T00015	中村 菫	EOmFqgqlKX
01FF6J8XFTS4A8JA427T7B3X2E	T00016	高橋 歩	MimuX09tFm
01FF6J8XFTGZD349D3DCW14SXM	T00017	獅子吼 実咲	VS2DbmLamo
01FF6J8XFTN325S2QG8MAC1M9V	T00018	中島 愛菜	YKUR05NZ2l
01FF6J8XFVP1APXVX9MCJB772A	T00019	茂呂 秀樹	LcSN0uonMS
01FF6J8XFVDMVKHX58XMHJX85J	T00020	西森 拓	95CJESOej1
01FF6J8XFVEEW4T004474G1DCJ	T00021	菊池 加奈子	QbBRuMoYxh
01FF6J8XFVDB1DQD1CT96S3R1M	T00022	佐藤 駿	fy5zc9NwKY
01FF6J8XFVF5Y3P9DHASB2BBA8	T00023	加藤 一樹	IvaPBmdQYn
01FF6J8XFVM9M4T63E71JYWT05	T00024	佐々木 真帆	ynKnxlPIc0
01FF6J8XFV0TPXJCAWFVYA0AM8	T00025	木村 涼太	UXGnDrtxb5
01FF6J8XFVRGN7RY555WTPE1K1	T00026	近藤 優希	QPWMStnSRS
01FF6J8XFVN5CX0H9RND77PRAV	T00027	清水 朱莉	QDQoBWO3g9
01FF6J8XFWH8T28F6YHEZG78Y7	T00028	佐藤 菫	e9wMC7cfvY
01FF6J8XFW49Q6KKSZ2GVRJR7A	T00029	金城 彩夏	2Dl0EFlUIe
01FF6J8XFWS7XZ8F1Q2YMYW5D9	T00030	渡辺 瞳	OE1LEA4KKa
01FF6J8XFWXZC91470DPYFCSV2	T00031	加藤 悠	7V970XWane
01FF6J8XFWV64NSFXEC9T67YW4	T00032	渡辺 千晶	TrV0g320ES
01FF6J8XFWC6FAV1G84TFYG41D	T00033	玉城 真紀	RGupTxSRN2
01FF6J8XFWNYGNKCR5D1ZY9VG5	T00034	中村 悠斗	7zOfEr5P9K
01FF6J8XFXNFES4BFTRSWX2PKT	T00035	獅子吼 仁	qSX5KeGBpu
01FF6J8XFXMEH5XGXGSHS08C2B	T00036	山崎 拓人	wDPv03L5Xr
01FF6J8XFX77A97EQA9F2Q07T0	T00037	山田 加奈子	0mYcrP2aRB
01FF6J8XFX45BT4DGAMXS3VDA5	T00038	金城 奈菜	95iRnu4Fr7
01FF6J8XFXWJPBN3T6RDSXJKVG	T00039	藍田 翔太	QZwCADUD3D
01FF6J8XFXRTXS9J9FWMKA2FCE	T00040	田中 優希	HudwWZhzZq
01FF6J8XFXGPD9M3Z0R9W8X6SF	T00041	斎藤 瑠璃	6y3J7Gh2Q6
01FF6J8XFXA9C30FN4BTMWDR6A	T00042	池田 拓	8O4dVfEx7G
01FF6J8XFXG9EJK06YV7FB9805	T00043	高嶺 瞳	JyMLeqEIMi
01FF6J8XFXGSP4MBPGPNSXCEPY	T00044	玉城 奏	KyDcHCBag4
01FF6J8XFY4SJ5TPMX66SP7B6C	T00045	高橋 涼太	kha6Ev2nHC
01FF6J8XFYDQKNHEYCS5TMJTZD	T00046	木村 祐子	uTyzHR0Nor
01FF6J8XFYX6EC1P0ZT25E8ENT	T00047	山下 雪乃	cvTw5cdELv
01FF6J8XFYRVJYCAZ82EQ6JEY5	T00048	井上 玲子	qVwkgs5rRt
01FF6J8XFYM5H7YT63W1FM9RCZ	T00049	林 仁	wxV3rIBUkK
